ID,COUNTY,NAME,STNAME,POPESTIMATE2015,CTYNAME,TOT_POP,TOT_MALE,TOT_FEMALE,WHITE,HISPANIC,BLACK,ASIAN,NATIVE,OTHER,1,2,3,4,5,6,7,8,9,10,11,12,13,14,15,16,17,18,00..10,10..15,15..25,25..35,35..50,50..75,75..100,100..150,150..200,200..999,LESS_THAN_HS,HS_DEGREE,SOME_COLLEGE,BS_DEGRE,BS_DEGREE
0,0,Attard,01,,Attard,9510,.5,.5,1.0,0.0,0.0,0.0,0.0,0.0,0.07714804356595402,0.07714804356595402,0.07714804356595402,0.07714804356595402,0.03408632513110125,0.04356595401371521,0.05465913674868899,0.06353368293666802,0.07462686567164178,0.06111335215812828,0.07583703106091166,0.07079467527228721,0.06575231948366277,0.06514723678902784,0.05344897135941912,0.030859217426381605,0.021581282775312627,0.01956434045986285,0.19,0.1145,0.3,0.2,0.1,0.055,0.0265,0.008,0.005,0.001,0.4481645824929407,0.036506655909640987,0.409035901573215,,0.10629286002420331
1,1,Balzan,02,,Balzan,3240,.5,.5,1.0,0.0,0.0,0.0,0.0,0.0,0.07714804356595402,0.07714804356595402,0.07714804356595402,0.07714804356595402,0.03408632513110125,0.04356595401371521,0.05465913674868899,0.06353368293666802,0.07462686567164178,0.06111335215812828,0.07583703106091166,0.07079467527228721,0.06575231948366277,0.06514723678902784,0.05344897135941912,0.030859217426381605,0.021581282775312627,0.01956434045986285,0.19,0.1145,0.3,0.2,0.1,0.055,0.0265,0.008,0.005,0.001,0.4481645824929407,0.036506655909640987,0.409035901573215,,0.10629286002420331
2,2,Birkirkara,04,,Birkirkara,21676,.5,.5,1.0,0.0,0.0,0.0,0.0,0.0,0.07714804356595402,0.07714804356595402,0.07714804356595402,0.07714804356595402,0.03408632513110125,0.04356595401371521,0.05465913674868899,0.06353368293666802,0.07462686567164178,0.06111335215812828,0.07583703106091166,0.07079467527228721,0.06575231948366277,0.06514723678902784,0.05344897135941912,0.030859217426381605,0.021581282775312627,0.01956434045986285,0.19,0.1145,0.3,0.2,0.1,0.055,0.0265,0.008,0.005,0.001,0.4481645824929407,0.036506655909640987,0.409035901573215,,0.10629286002420331
3,3,Birżebbuġa,05,,Birżebbuġa,8668,.5,.5,1.0,0.0,0.0,0.0,0.0,0.0,0.07714804356595402,0.07714804356595402,0.07714804356595402,0.07714804356595402,0.03408632513110125,0.04356595401371521,0.05465913674868899,0.06353368293666802,0.07462686567164178,0.06111335215812828,0.07583703106091166,0.07079467527228721,0.06575231948366277,0.06514723678902784,0.05344897135941912,0.030859217426381605,0.021581282775312627,0.01956434045986285,0.19,0.1145,0.3,0.2,0.1,0.055,0.0265,0.008,0.005,0.001,0.4481645824929407,0.036506655909640987,0.409035901573215,,0.10629286002420331
4,4,Cospicua,06,,Cospicua,6096,.5,.5,1.0,0.0,0.0,0.0,0.0,0.0,0.07714804356595402,0.07714804356595402,0.07714804356595402,0.07714804356595402,0.03408632513110125,0.04356595401371521,0.05465913674868899,0.06353368293666802,0.07462686567164178,0.06111335215812828,0.07583703106091166,0.07079467527228721,0.06575231948366277,0.06514723678902784,0.05344897135941912,0.030859217426381605,0.021581282775312627,0.01956434045986285,0.19,0.1145,0.3,0.2,0.1,0.055,0.0265,0.008,0.005,0.001,0.4481645824929407,0.036506655909640987,0.409035901573215,,0.10629286002420331
5,5,Dingli,07,,Dingli,3009,.5,.5,1.0,0.0,0.0,0.0,0.0,0.0,0.07714804356595402,0.07714804356595402,0.07714804356595402,0.07714804356595402,0.03408632513110125,0.04356595401371521,0.05465913674868899,0.06353368293666802,0.07462686567164178,0.06111335215812828,0.07583703106091166,0.07079467527228721,0.06575231948366277,0.06514723678902784,0.05344897135941912,0.030859217426381605,0.021581282775312627,0.01956434045986285,0.19,0.1145,0.3,0.2,0.1,0.055,0.0265,0.008,0.005,0.001,0.4481645824929407,0.036506655909640987,0.409035901573215,,0.10629286002420331
6,6,Fgura,08,,Fgura,11676,.5,.5,1.0,0.0,0.0,0.0,0.0,0.0,0.07714804356595402,0.07714804356595402,0.07714804356595402,0.07714804356595402,0.03408632513110125,0.04356595401371521,0.05465913674868899,0.06353368293666802,0.07462686567164178,0.06111335215812828,0.07583703106091166,0.07079467527228721,0.06575231948366277,0.06514723678902784,0.05344897135941912,0.030859217426381605,0.021581282775312627,0.01956434045986285,0.19,0.1145,0.3,0.2,0.1,0.055,0.0265,0.008,0.005,0.001,0.4481645824929407,0.036506655909640987,0.409035901573215,,0.10629286002420331
7,7,Floriana,09,,Floriana,2516,.5,.5,1.0,0.0,0.0,0.0,0.0,0.0,0.07714804356595402,0.07714804356595402,0.07714804356595402,0.07714804356595402,0.03408632513110125,0.04356595401371521,0.05465913674868899,0.06353368293666802,0.07462686567164178,0.06111335215812828,0.07583703106091166,0.07079467527228721,0.06575231948366277,0.06514723678902784,0.05344897135941912,0.030859217426381605,0.021581282775312627,0.01956434045986285,0.19,0.1145,0.3,0.2,0.1,0.055,0.0265,0.008,0.005,0.001,0.4481645824929407,0.036506655909640987,0.409035901573215,,0.10629286002420331
8,8,Fontana,10,,Fontana,1011,.5,.5,1.0,0.0,0.0,0.0,0.0,0.0,0.07714804356595402,0.07714804356595402,0.07714804356595402,0.07714804356595402,0.03408632513110125,0.04356595401371521,0.05465913674868899,0.06353368293666802,0.07462686567164178,0.06111335215812828,0.07583703106091166,0.07079467527228721,0.06575231948366277,0.06514723678902784,0.05344897135941912,0.030859217426381605,0.021581282775312627,0.01956434045986285,0.19,0.1145,0.3,0.2,0.1,0.055,0.0265,0.008,0.005,0.001,0.4481645824929407,0.036506655909640987,0.409035901573215,,0.10629286002420331
9,9,Gudja,16,,Gudja,3023,.5,.5,1.0,0.0,0.0,0.0,0.0,0.0,0.07714804356595402,0.07714804356595402,0.07714804356595402,0.07714804356595402,0.03408632513110125,0.04356595401371521,0.05465913674868899,0.06353368293666802,0.07462686567164178,0.06111335215812828,0.07583703106091166,0.07079467527228721,0.06575231948366277,0.06514723678902784,0.05344897135941912,0.030859217426381605,0.021581282775312627,0.01956434045986285,0.19,0.1145,0.3,0.2,0.1,0.055,0.0265,0.008,0.005,0.001,0.4481645824929407,0.036506655909640987,0.409035901573215,,0.10629286002420331
10,10,Għajnsielem,11,,Għajnsielem,3260,.5,.5,1.0,0.0,0.0,0.0,0.0,0.0,0.07714804356595402,0.07714804356595402,0.07714804356595402,0.07714804356595402,0.03408632513110125,0.04356595401371521,0.05465913674868899,0.06353368293666802,0.07462686567164178,0.06111335215812828,0.07583703106091166,0.07079467527228721,0.06575231948366277,0.06514723678902784,0.05344897135941912,0.030859217426381605,0.021581282775312627,0.01956434045986285,0.19,0.1145,0.3,0.2,0.1,0.055,0.0265,0.008,0.005,0.001,0.4481645824929407,0.036506655909640987,0.409035901573215,,0.10629286002420331
11,11,Għammar,14,,Għammar,550,.5,.5,1.0,0.0,0.0,0.0,0.0,0.0,0.07714804356595402,0.07714804356595402,0.07714804356595402,0.07714804356595402,0.03408632513110125,0.04356595401371521,0.05465913674868899,0.06353368293666802,0.07462686567164178,0.06111335215812828,0.07583703106091166,0.07079467527228721,0.06575231948366277,0.06514723678902784,0.05344897135941912,0.030859217426381605,0.021581282775312627,0.01956434045986285,0.19,0.1145,0.3,0.2,0.1,0.055,0.0265,0.008,0.005,0.001,0.4481645824929407,0.036506655909640987,0.409035901573215,,0.10629286002420331
12,12,Għarb,12,,Għarb,971,.5,.5,1.0,0.0,0.0,0.0,0.0,0.0,0.07714804356595402,0.07714804356595402,0.07714804356595402,0.07714804356595402,0.03408632513110125,0.04356595401371521,0.05465913674868899,0.06353368293666802,0.07462686567164178,0.06111335215812828,0.07583703106091166,0.07079467527228721,0.06575231948366277,0.06514723678902784,0.05344897135941912,0.030859217426381605,0.021581282775312627,0.01956434045986285,0.19,0.1145,0.3,0.2,0.1,0.055,0.0265,0.008,0.005,0.001,0.4481645824929407,0.036506655909640987,0.409035901573215,,0.10629286002420331
13,13,Għasri,14,,Għasri,631,.5,.5,1.0,0.0,0.0,0.0,0.0,0.0,0.07714804356595402,0.07714804356595402,0.07714804356595402,0.07714804356595402,0.03408632513110125,0.04356595401371521,0.05465913674868899,0.06353368293666802,0.07462686567164178,0.06111335215812828,0.07583703106091166,0.07079467527228721,0.06575231948366277,0.06514723678902784,0.05344897135941912,0.030859217426381605,0.021581282775312627,0.01956434045986285,0.19,0.1145,0.3,0.2,0.1,0.055,0.0265,0.008,0.005,0.001,0.4481645824929407,0.036506655909640987,0.409035901573215,,0.10629286002420331
14,14,Għaxaq,15,,Għaxaq,4375,.5,.5,1.0,0.0,0.0,0.0,0.0,0.0,0.07714804356595402,0.07714804356595402,0.07714804356595402,0.07714804356595402,0.03408632513110125,0.04356595401371521,0.05465913674868899,0.06353368293666802,0.07462686567164178,0.06111335215812828,0.07583703106091166,0.07079467527228721,0.06575231948366277,0.06514723678902784,0.05344897135941912,0.030859217426381605,0.021581282775312627,0.01956434045986285,0.19,0.1145,0.3,0.2,0.1,0.055,0.0265,0.008,0.005,0.001,0.4481645824929407,0.036506655909640987,0.409035901573215,,0.10629286002420331
15,15,Gżira,17,,Gżira,7513,.5,.5,1.0,0.0,0.0,0.0,0.0,0.0,0.07714804356595402,0.07714804356595402,0.07714804356595402,0.07714804356595402,0.03408632513110125,0.04356595401371521,0.05465913674868899,0.06353368293666802,0.07462686567164178,0.06111335215812828,0.07583703106091166,0.07079467527228721,0.06575231948366277,0.06514723678902784,0.05344897135941912,0.030859217426381605,0.021581282775312627,0.01956434045986285,0.19,0.1145,0.3,0.2,0.1,0.055,0.0265,0.008,0.005,0.001,0.4481645824929407,0.036506655909640987,0.409035901573215,,0.10629286002420331
16,16,Hal Gharghur,13,,Hal Gharghur,2025,.5,.5,1.0,0.0,0.0,0.0,0.0,0.0,0.07714804356595402,0.07714804356595402,0.07714804356595402,0.07714804356595402,0.03408632513110125,0.04356595401371521,0.05465913674868899,0.06353368293666802,0.07462686567164178,0.06111335215812828,0.07583703106091166,0.07079467527228721,0.06575231948366277,0.06514723678902784,0.05344897135941912,0.030859217426381605,0.021581282775312627,0.01956434045986285,0.19,0.1145,0.3,0.2,0.1,0.055,0.0265,0.008,0.005,0.001,0.4481645824929407,0.036506655909640987,0.409035901573215,,0.10629286002420331
17,17,Haz-Zebbug,65,,Haz-Zebbug,11063,.5,.5,1.0,0.0,0.0,0.0,0.0,0.0,0.07714804356595402,0.07714804356595402,0.07714804356595402,0.07714804356595402,0.03408632513110125,0.04356595401371521,0.05465913674868899,0.06353368293666802,0.07462686567164178,0.06111335215812828,0.07583703106091166,0.07079467527228721,0.06575231948366277,0.06514723678902784,0.05344897135941912,0.030859217426381605,0.021581282775312627,0.01956434045986285,0.19,0.1145,0.3,0.2,0.1,0.055,0.0265,0.008,0.005,0.001,0.4481645824929407,0.036506655909640987,0.409035901573215,,0.10629286002420331
18,18,Imdina,20,,Imdina,360,.5,.5,1.0,0.0,0.0,0.0,0.0,0.0,0.07714804356595402,0.07714804356595402,0.07714804356595402,0.07714804356595402,0.03408632513110125,0.04356595401371521,0.05465913674868899,0.06353368293666802,0.07462686567164178,0.06111335215812828,0.07583703106091166,0.07079467527228721,0.06575231948366277,0.06514723678902784,0.05344897135941912,0.030859217426381605,0.021581282775312627,0.01956434045986285,0.19,0.1145,0.3,0.2,0.1,0.055,0.0265,0.008,0.005,0.001,0.4481645824929407,0.036506655909640987,0.409035901573215,,0.10629286002420331
19,19,Imsida,23,,Imsida,6920,.5,.5,1.0,0.0,0.0,0.0,0.0,0.0,0.07714804356595402,0.07714804356595402,0.07714804356595402,0.07714804356595402,0.03408632513110125,0.04356595401371521,0.05465913674868899,0.06353368293666802,0.07462686567164178,0.06111335215812828,0.07583703106091166,0.07079467527228721,0.06575231948366277,0.06514723678902784,0.05344897135941912,0.030859217426381605,0.021581282775312627,0.01956434045986285,0.19,0.1145,0.3,0.2,0.1,0.055,0.0265,0.008,0.005,0.001,0.4481645824929407,0.036506655909640987,0.409035901573215,,0.10629286002420331
20,20,Imtarfa,24,,Imtarfa,2430,.5,.5,1.0,0.0,0.0,0.0,0.0,0.0,0.07714804356595402,0.07714804356595402,0.07714804356595402,0.07714804356595402,0.03408632513110125,0.04356595401371521,0.05465913674868899,0.06353368293666802,0.07462686567164178,0.06111335215812828,0.07583703106091166,0.07079467527228721,0.06575231948366277,0.06514723678902784,0.05344897135941912,0.030859217426381605,0.021581282775312627,0.01956434045986285,0.19,0.1145,0.3,0.2,0.1,0.055,0.0265,0.008,0.005,0.001,0.4481645824929407,0.036506655909640987,0.409035901573215,,0.10629286002420331
21,21,Imġarr,21,,Imġarr,3000,.5,.5,1.0,0.0,0.0,0.0,0.0,0.0,0.07714804356595402,0.07714804356595402,0.07714804356595402,0.07714804356595402,0.03408632513110125,0.04356595401371521,0.05465913674868899,0.06353368293666802,0.07462686567164178,0.06111335215812828,0.07583703106091166,0.07079467527228721,0.06575231948366277,0.06514723678902784,0.05344897135941912,0.030859217426381605,0.021581282775312627,0.01956434045986285,0.19,0.1145,0.3,0.2,0.1,0.055,0.0265,0.008,0.005,0.001,0.4481645824929407,0.036506655909640987,0.409035901573215,,0.10629286002420331
22,22,Kalkara,26,,Kalkara,2982,.5,.5,1.0,0.0,0.0,0.0,0.0,0.0,0.07714804356595402,0.07714804356595402,0.07714804356595402,0.07714804356595402,0.03408632513110125,0.04356595401371521,0.05465913674868899,0.06353368293666802,0.07462686567164178,0.06111335215812828,0.07583703106091166,0.07079467527228721,0.06575231948366277,0.06514723678902784,0.05344897135941912,0.030859217426381605,0.021581282775312627,0.01956434045986285,0.19,0.1145,0.3,0.2,0.1,0.055,0.0265,0.008,0.005,0.001,0.4481645824929407,0.036506655909640987,0.409035901573215,,0.10629286002420331
23,23,Kerċem,27,,Kerċem,1627,.5,.5,1.0,0.0,0.0,0.0,0.0,0.0,0.07714804356595402,0.07714804356595402,0.07714804356595402,0.07714804356595402,0.03408632513110125,0.04356595401371521,0.05465913674868899,0.06353368293666802,0.07462686567164178,0.06111335215812828,0.07583703106091166,0.07079467527228721,0.06575231948366277,0.06514723678902784,0.05344897135941912,0.030859217426381605,0.021581282775312627,0.01956434045986285,0.19,0.1145,0.3,0.2,0.1,0.055,0.0265,0.008,0.005,0.001,0.4481645824929407,0.036506655909640987,0.409035901573215,,0.10629286002420331
24,24,Kirkop,28,,Kirkop,2137,.5,.5,1.0,0.0,0.0,0.0,0.0,0.0,0.07714804356595402,0.07714804356595402,0.07714804356595402,0.07714804356595402,0.03408632513110125,0.04356595401371521,0.05465913674868899,0.06353368293666802,0.07462686567164178,0.06111335215812828,0.07583703106091166,0.07079467527228721,0.06575231948366277,0.06514723678902784,0.05344897135941912,0.030859217426381605,0.021581282775312627,0.01956434045986285,0.19,0.1145,0.3,0.2,0.1,0.055,0.0265,0.008,0.005,0.001,0.4481645824929407,0.036506655909640987,0.409035901573215,,0.10629286002420331
25,25,L-Iklin,19,,L-Iklin,3360,.5,.5,1.0,0.0,0.0,0.0,0.0,0.0,0.07714804356595402,0.07714804356595402,0.07714804356595402,0.07714804356595402,0.03408632513110125,0.04356595401371521,0.05465913674868899,0.06353368293666802,0.07462686567164178,0.06111335215812828,0.07583703106091166,0.07079467527228721,0.06575231948366277,0.06514723678902784,0.05344897135941912,0.030859217426381605,0.021581282775312627,0.01956434045986285,0.19,0.1145,0.3,0.2,0.1,0.055,0.0265,0.008,0.005,0.001,0.4481645824929407,0.036506655909640987,0.409035901573215,,0.10629286002420331
26,26,Lija,29,,Lija,2471,.5,.5,1.0,0.0,0.0,0.0,0.0,0.0,0.07714804356595402,0.07714804356595402,0.07714804356595402,0.07714804356595402,0.03408632513110125,0.04356595401371521,0.05465913674868899,0.06353368293666802,0.07462686567164178,0.06111335215812828,0.07583703106091166,0.07079467527228721,0.06575231948366277,0.06514723678902784,0.05344897135941912,0.030859217426381605,0.021581282775312627,0.01956434045986285,0.19,0.1145,0.3,0.2,0.1,0.055,0.0265,0.008,0.005,0.001,0.4481645824929407,0.036506655909640987,0.409035901573215,,0.10629286002420331
27,27,Luqa,30,,Luqa,5053,.5,.5,1.0,0.0,0.0,0.0,0.0,0.0,0.07714804356595402,0.07714804356595402,0.07714804356595402,0.07714804356595402,0.03408632513110125,0.04356595401371521,0.05465913674868899,0.06353368293666802,0.07462686567164178,0.06111335215812828,0.07583703106091166,0.07079467527228721,0.06575231948366277,0.06514723678902784,0.05344897135941912,0.030859217426381605,0.021581282775312627,0.01956434045986285,0.19,0.1145,0.3,0.2,0.1,0.055,0.0265,0.008,0.005,0.001,0.4481645824929407,0.036506655909640987,0.409035901573215,,0.10629286002420331
28,28,Marsa,31,,Marsa,5116,.5,.5,1.0,0.0,0.0,0.0,0.0,0.0,0.07714804356595402,0.07714804356595402,0.07714804356595402,0.07714804356595402,0.03408632513110125,0.04356595401371521,0.05465913674868899,0.06353368293666802,0.07462686567164178,0.06111335215812828,0.07583703106091166,0.07079467527228721,0.06575231948366277,0.06514723678902784,0.05344897135941912,0.030859217426381605,0.021581282775312627,0.01956434045986285,0.19,0.1145,0.3,0.2,0.1,0.055,0.0265,0.008,0.005,0.001,0.4481645824929407,0.036506655909640987,0.409035901573215,,0.10629286002420331
29,29,Marsaskala,32,,Marsaskala,10024,.5,.5,1.0,0.0,0.0,0.0,0.0,0.0,0.07714804356595402,0.07714804356595402,0.07714804356595402,0.07714804356595402,0.03408632513110125,0.04356595401371521,0.05465913674868899,0.06353368293666802,0.07462686567164178,0.06111335215812828,0.07583703106091166,0.07079467527228721,0.06575231948366277,0.06514723678902784,0.05344897135941912,0.030859217426381605,0.021581282775312627,0.01956434045986285,0.19,0.1145,0.3,0.2,0.1,0.055,0.0265,0.008,0.005,0.001,0.4481645824929407,0.036506655909640987,0.409035901573215,,0.10629286002420331
30,30,Marsaxlokk,33,,Marsaxlokk,3026,.5,.5,1.0,0.0,0.0,0.0,0.0,0.0,0.07714804356595402,0.07714804356595402,0.07714804356595402,0.07714804356595402,0.03408632513110125,0.04356595401371521,0.05465913674868899,0.06353368293666802,0.07462686567164178,0.06111335215812828,0.07583703106091166,0.07079467527228721,0.06575231948366277,0.06514723678902784,0.05344897135941912,0.030859217426381605,0.021581282775312627,0.01956434045986285,0.19,0.1145,0.3,0.2,0.1,0.055,0.0265,0.008,0.005,0.001,0.4481645824929407,0.036506655909640987,0.409035901573215,,0.10629286002420331
31,31,Mellieħa,34,,Mellieħa,5976,.5,.5,1.0,0.0,0.0,0.0,0.0,0.0,0.07714804356595402,0.07714804356595402,0.07714804356595402,0.07714804356595402,0.03408632513110125,0.04356595401371521,0.05465913674868899,0.06353368293666802,0.07462686567164178,0.06111335215812828,0.07583703106091166,0.07079467527228721,0.06575231948366277,0.06514723678902784,0.05344897135941912,0.030859217426381605,0.021581282775312627,0.01956434045986285,0.19,0.1145,0.3,0.2,0.1,0.055,0.0265,0.008,0.005,0.001,0.4481645824929407,0.036506655909640987,0.409035901573215,,0.10629286002420331
32,32,Mosta,35,,Mosta,17789,.5,.5,1.0,0.0,0.0,0.0,0.0,0.0,0.07714804356595402,0.07714804356595402,0.07714804356595402,0.07714804356595402,0.03408632513110125,0.04356595401371521,0.05465913674868899,0.06353368293666802,0.07462686567164178,0.06111335215812828,0.07583703106091166,0.07079467527228721,0.06575231948366277,0.06514723678902784,0.05344897135941912,0.030859217426381605,0.021581282775312627,0.01956434045986285,0.19,0.1145,0.3,0.2,0.1,0.055,0.0265,0.008,0.005,0.001,0.4481645824929407,0.036506655909640987,0.409035901573215,,0.10629286002420331
33,33,Mqabba,22,,Mqabba,2891,.5,.5,1.0,0.0,0.0,0.0,0.0,0.0,0.07714804356595402,0.07714804356595402,0.07714804356595402,0.07714804356595402,0.03408632513110125,0.04356595401371521,0.05465913674868899,0.06353368293666802,0.07462686567164178,0.06111335215812828,0.07583703106091166,0.07079467527228721,0.06575231948366277,0.06514723678902784,0.05344897135941912,0.030859217426381605,0.021581282775312627,0.01956434045986285,0.19,0.1145,0.3,0.2,0.1,0.055,0.0265,0.008,0.005,0.001,0.4481645824929407,0.036506655909640987,0.409035901573215,,0.10629286002420331
34,34,Munxar,36,,Munxar,840,.5,.5,1.0,0.0,0.0,0.0,0.0,0.0,0.07714804356595402,0.07714804356595402,0.07714804356595402,0.07714804356595402,0.03408632513110125,0.04356595401371521,0.05465913674868899,0.06353368293666802,0.07462686567164178,0.06111335215812828,0.07583703106091166,0.07079467527228721,0.06575231948366277,0.06514723678902784,0.05344897135941912,0.030859217426381605,0.021581282775312627,0.01956434045986285,0.19,0.1145,0.3,0.2,0.1,0.055,0.0265,0.008,0.005,0.001,0.4481645824929407,0.036506655909640987,0.409035901573215,,0.10629286002420331
35,35,Mġarr,21,,Mġarr,2868,.5,.5,1.0,0.0,0.0,0.0,0.0,0.0,0.07714804356595402,0.07714804356595402,0.07714804356595402,0.07714804356595402,0.03408632513110125,0.04356595401371521,0.05465913674868899,0.06353368293666802,0.07462686567164178,0.06111335215812828,0.07583703106091166,0.07079467527228721,0.06575231948366277,0.06514723678902784,0.05344897135941912,0.030859217426381605,0.021581282775312627,0.01956434045986285,0.19,0.1145,0.3,0.2,0.1,0.055,0.0265,0.008,0.005,0.001,0.4481645824929407,0.036506655909640987,0.409035901573215,,0.10629286002420331
36,36,Nadur,37,,Nadur,3933,.5,.5,1.0,0.0,0.0,0.0,0.0,0.0,0.07714804356595402,0.07714804356595402,0.07714804356595402,0.07714804356595402,0.03408632513110125,0.04356595401371521,0.05465913674868899,0.06353368293666802,0.07462686567164178,0.06111335215812828,0.07583703106091166,0.07079467527228721,0.06575231948366277,0.06514723678902784,0.05344897135941912,0.030859217426381605,0.021581282775312627,0.01956434045986285,0.19,0.1145,0.3,0.2,0.1,0.055,0.0265,0.008,0.005,0.001,0.4481645824929407,0.036506655909640987,0.409035901573215,,0.10629286002420331
37,37,Naxxar,38,,Naxxar,10378,.5,.5,1.0,0.0,0.0,0.0,0.0,0.0,0.07714804356595402,0.07714804356595402,0.07714804356595402,0.07714804356595402,0.03408632513110125,0.04356595401371521,0.05465913674868899,0.06353368293666802,0.07462686567164178,0.06111335215812828,0.07583703106091166,0.07079467527228721,0.06575231948366277,0.06514723678902784,0.05344897135941912,0.030859217426381605,0.021581282775312627,0.01956434045986285,0.19,0.1145,0.3,0.2,0.1,0.055,0.0265,0.008,0.005,0.001,0.4481645824929407,0.036506655909640987,0.409035901573215,,0.10629286002420331
38,38,Paola,39,,Paola,9257,.5,.5,1.0,0.0,0.0,0.0,0.0,0.0,0.07714804356595402,0.07714804356595402,0.07714804356595402,0.07714804356595402,0.03408632513110125,0.04356595401371521,0.05465913674868899,0.06353368293666802,0.07462686567164178,0.06111335215812828,0.07583703106091166,0.07079467527228721,0.06575231948366277,0.06514723678902784,0.05344897135941912,0.030859217426381605,0.021581282775312627,0.01956434045986285,0.19,0.1145,0.3,0.2,0.1,0.055,0.0265,0.008,0.005,0.001,0.4481645824929407,0.036506655909640987,0.409035901573215,,0.10629286002420331
39,39,Pembroke,40,,Pembroke,3038,.5,.5,1.0,0.0,0.0,0.0,0.0,0.0,0.07714804356595402,0.07714804356595402,0.07714804356595402,0.07714804356595402,0.03408632513110125,0.04356595401371521,0.05465913674868899,0.06353368293666802,0.07462686567164178,0.06111335215812828,0.07583703106091166,0.07079467527228721,0.06575231948366277,0.06514723678902784,0.05344897135941912,0.030859217426381605,0.021581282775312627,0.01956434045986285,0.19,0.1145,0.3,0.2,0.1,0.055,0.0265,0.008,0.005,0.001,0.4481645824929407,0.036506655909640987,0.409035901573215,,0.10629286002420331
40,40,Pietà,41,,Pietà,3846,.5,.5,1.0,0.0,0.0,0.0,0.0,0.0,0.07714804356595402,0.07714804356595402,0.07714804356595402,0.07714804356595402,0.03408632513110125,0.04356595401371521,0.05465913674868899,0.06353368293666802,0.07462686567164178,0.06111335215812828,0.07583703106091166,0.07079467527228721,0.06575231948366277,0.06514723678902784,0.05344897135941912,0.030859217426381605,0.021581282775312627,0.01956434045986285,0.19,0.1145,0.3,0.2,0.1,0.055,0.0265,0.008,0.005,0.001,0.4481645824929407,0.036506655909640987,0.409035901573215,,0.10629286002420331
41,41,Qala,42,,Qala,1534,.5,.5,1.0,0.0,0.0,0.0,0.0,0.0,0.07714804356595402,0.07714804356595402,0.07714804356595402,0.07714804356595402,0.03408632513110125,0.04356595401371521,0.05465913674868899,0.06353368293666802,0.07462686567164178,0.06111335215812828,0.07583703106091166,0.07079467527228721,0.06575231948366277,0.06514723678902784,0.05344897135941912,0.030859217426381605,0.021581282775312627,0.01956434045986285,0.19,0.1145,0.3,0.2,0.1,0.055,0.0265,0.008,0.005,0.001,0.4481645824929407,0.036506655909640987,0.409035901573215,,0.10629286002420331
42,42,Qormi,43,,Qormi,18230,.5,.5,1.0,0.0,0.0,0.0,0.0,0.0,0.07714804356595402,0.07714804356595402,0.07714804356595402,0.07714804356595402,0.03408632513110125,0.04356595401371521,0.05465913674868899,0.06353368293666802,0.07462686567164178,0.06111335215812828,0.07583703106091166,0.07079467527228721,0.06575231948366277,0.06514723678902784,0.05344897135941912,0.030859217426381605,0.021581282775312627,0.01956434045986285,0.19,0.1145,0.3,0.2,0.1,0.055,0.0265,0.008,0.005,0.001,0.4481645824929407,0.036506655909640987,0.409035901573215,,0.10629286002420331
43,43,Qrendi,44,,Qrendi,2493,.5,.5,1.0,0.0,0.0,0.0,0.0,0.0,0.07714804356595402,0.07714804356595402,0.07714804356595402,0.07714804356595402,0.03408632513110125,0.04356595401371521,0.05465913674868899,0.06353368293666802,0.07462686567164178,0.06111335215812828,0.07583703106091166,0.07079467527228721,0.06575231948366277,0.06514723678902784,0.05344897135941912,0.030859217426381605,0.021581282775312627,0.01956434045986285,0.19,0.1145,0.3,0.2,0.1,0.055,0.0265,0.008,0.005,0.001,0.4481645824929407,0.036506655909640987,0.409035901573215,,0.10629286002420331
44,44,Rabat,45,,Rabat,7064,.5,.5,1.0,0.0,0.0,0.0,0.0,0.0,0.07714804356595402,0.07714804356595402,0.07714804356595402,0.07714804356595402,0.03408632513110125,0.04356595401371521,0.05465913674868899,0.06353368293666802,0.07462686567164178,0.06111335215812828,0.07583703106091166,0.07079467527228721,0.06575231948366277,0.06514723678902784,0.05344897135941912,0.030859217426381605,0.021581282775312627,0.01956434045986285,0.19,0.1145,0.3,0.2,0.1,0.055,0.0265,0.008,0.005,0.001,0.4481645824929407,0.036506655909640987,0.409035901573215,,0.10629286002420331
45,45,Safi,47,,Safi,1863,.5,.5,1.0,0.0,0.0,0.0,0.0,0.0,0.07714804356595402,0.07714804356595402,0.07714804356595402,0.07714804356595402,0.03408632513110125,0.04356595401371521,0.05465913674868899,0.06353368293666802,0.07462686567164178,0.06111335215812828,0.07583703106091166,0.07079467527228721,0.06575231948366277,0.06514723678902784,0.05344897135941912,0.030859217426381605,0.021581282775312627,0.01956434045986285,0.19,0.1145,0.3,0.2,0.1,0.055,0.0265,0.008,0.005,0.001,0.4481645824929407,0.036506655909640987,0.409035901573215,,0.10629286002420331
46,46,Saint John,48,,Saint John,12346,.5,.5,1.0,0.0,0.0,0.0,0.0,0.0,0.07714804356595402,0.07714804356595402,0.07714804356595402,0.07714804356595402,0.03408632513110125,0.04356595401371521,0.05465913674868899,0.06353368293666802,0.07462686567164178,0.06111335215812828,0.07583703106091166,0.07079467527228721,0.06575231948366277,0.06514723678902784,0.05344897135941912,0.030859217426381605,0.021581282775312627,0.01956434045986285,0.19,0.1145,0.3,0.2,0.1,0.055,0.0265,0.008,0.005,0.001,0.4481645824929407,0.036506655909640987,0.409035901573215,,0.10629286002420331
47,47,Saint Lucia,51,,Saint Lucia,3186,.5,.5,1.0,0.0,0.0,0.0,0.0,0.0,0.07714804356595402,0.07714804356595402,0.07714804356595402,0.07714804356595402,0.03408632513110125,0.04356595401371521,0.05465913674868899,0.06353368293666802,0.07462686567164178,0.06111335215812828,0.07583703106091166,0.07079467527228721,0.06575231948366277,0.06514723678902784,0.05344897135941912,0.030859217426381605,0.021581282775312627,0.01956434045986285,0.19,0.1145,0.3,0.2,0.1,0.055,0.0265,0.008,0.005,0.001,0.4481645824929407,0.036506655909640987,0.409035901573215,,0.10629286002420331
48,48,San Lawrenz,50,,San Lawrenz,530,.5,.5,1.0,0.0,0.0,0.0,0.0,0.0,0.07714804356595402,0.07714804356595402,0.07714804356595402,0.07714804356595402,0.03408632513110125,0.04356595401371521,0.05465913674868899,0.06353368293666802,0.07462686567164178,0.06111335215812828,0.07583703106091166,0.07079467527228721,0.06575231948366277,0.06514723678902784,0.05344897135941912,0.030859217426381605,0.021581282775312627,0.01956434045986285,0.19,0.1145,0.3,0.2,0.1,0.055,0.0265,0.008,0.005,0.001,0.4481645824929407,0.036506655909640987,0.409035901573215,,0.10629286002420331
49,49,San Pawl il-Baħar,52,,San Pawl il-Baħar,14057,.5,.5,1.0,0.0,0.0,0.0,0.0,0.0,0.07714804356595402,0.07714804356595402,0.07714804356595402,0.07714804356595402,0.03408632513110125,0.04356595401371521,0.05465913674868899,0.06353368293666802,0.07462686567164178,0.06111335215812828,0.07583703106091166,0.07079467527228721,0.06575231948366277,0.06514723678902784,0.05344897135941912,0.030859217426381605,0.021581282775312627,0.01956434045986285,0.19,0.1145,0.3,0.2,0.1,0.055,0.0265,0.008,0.005,0.001,0.4481645824929407,0.036506655909640987,0.409035901573215,,0.10629286002420331
50,50,San Ġiljan,49,,San Ġiljan,6799,.5,.5,1.0,0.0,0.0,0.0,0.0,0.0,0.07714804356595402,0.07714804356595402,0.07714804356595402,0.07714804356595402,0.03408632513110125,0.04356595401371521,0.05465913674868899,0.06353368293666802,0.07462686567164178,0.06111335215812828,0.07583703106091166,0.07079467527228721,0.06575231948366277,0.06514723678902784,0.05344897135941912,0.030859217426381605,0.021581282775312627,0.01956434045986285,0.19,0.1145,0.3,0.2,0.1,0.055,0.0265,0.008,0.005,0.001,0.4481645824929407,0.036506655909640987,0.409035901573215,,0.10629286002420331
51,51,Sannat,54,,Sannat,1681,.5,.5,1.0,0.0,0.0,0.0,0.0,0.0,0.07714804356595402,0.07714804356595402,0.07714804356595402,0.07714804356595402,0.03408632513110125,0.04356595401371521,0.05465913674868899,0.06353368293666802,0.07462686567164178,0.06111335215812828,0.07583703106091166,0.07079467527228721,0.06575231948366277,0.06514723678902784,0.05344897135941912,0.030859217426381605,0.021581282775312627,0.01956434045986285,0.19,0.1145,0.3,0.2,0.1,0.055,0.0265,0.008,0.005,0.001,0.4481645824929407,0.036506655909640987,0.409035901573215,,0.10629286002420331
52,52,Santa Luċija,51,,Santa Luċija,3760,.5,.5,1.0,0.0,0.0,0.0,0.0,0.0,0.07714804356595402,0.07714804356595402,0.07714804356595402,0.07714804356595402,0.03408632513110125,0.04356595401371521,0.05465913674868899,0.06353368293666802,0.07462686567164178,0.06111335215812828,0.07583703106091166,0.07079467527228721,0.06575231948366277,0.06514723678902784,0.05344897135941912,0.030859217426381605,0.021581282775312627,0.01956434045986285,0.19,0.1145,0.3,0.2,0.1,0.055,0.0265,0.008,0.005,0.001,0.4481645824929407,0.036506655909640987,0.409035901573215,,0.10629286002420331
53,53,Santa Venera,53,,Santa Venera,6264,.5,.5,1.0,0.0,0.0,0.0,0.0,0.0,0.07714804356595402,0.07714804356595402,0.07714804356595402,0.07714804356595402,0.03408632513110125,0.04356595401371521,0.05465913674868899,0.06353368293666802,0.07462686567164178,0.06111335215812828,0.07583703106091166,0.07079467527228721,0.06575231948366277,0.06514723678902784,0.05344897135941912,0.030859217426381605,0.021581282775312627,0.01956434045986285,0.19,0.1145,0.3,0.2,0.1,0.055,0.0265,0.008,0.005,0.001,0.4481645824929407,0.036506655909640987,0.409035901573215,,0.10629286002420331
54,54,Senglea,25,,Senglea,2964,.5,.5,1.0,0.0,0.0,0.0,0.0,0.0,0.07714804356595402,0.07714804356595402,0.07714804356595402,0.07714804356595402,0.03408632513110125,0.04356595401371521,0.05465913674868899,0.06353368293666802,0.07462686567164178,0.06111335215812828,0.07583703106091166,0.07079467527228721,0.06575231948366277,0.06514723678902784,0.05344897135941912,0.030859217426381605,0.021581282775312627,0.01956434045986285,0.19,0.1145,0.3,0.2,0.1,0.055,0.0265,0.008,0.005,0.001,0.4481645824929407,0.036506655909640987,0.409035901573215,,0.10629286002420331
55,55,Siġġiewi,55,,Siġġiewi,7676,.5,.5,1.0,0.0,0.0,0.0,0.0,0.0,0.07714804356595402,0.07714804356595402,0.07714804356595402,0.07714804356595402,0.03408632513110125,0.04356595401371521,0.05465913674868899,0.06353368293666802,0.07462686567164178,0.06111335215812828,0.07583703106091166,0.07079467527228721,0.06575231948366277,0.06514723678902784,0.05344897135941912,0.030859217426381605,0.021581282775312627,0.01956434045986285,0.19,0.1145,0.3,0.2,0.1,0.055,0.0265,0.008,0.005,0.001,0.4481645824929407,0.036506655909640987,0.409035901573215,,0.10629286002420331
56,56,Sliema,56,,Sliema,11318,.5,.5,1.0,0.0,0.0,0.0,0.0,0.0,0.07714804356595402,0.07714804356595402,0.07714804356595402,0.07714804356595402,0.03408632513110125,0.04356595401371521,0.05465913674868899,0.06353368293666802,0.07462686567164178,0.06111335215812828,0.07583703106091166,0.07079467527228721,0.06575231948366277,0.06514723678902784,0.05344897135941912,0.030859217426381605,0.021581282775312627,0.01956434045986285,0.19,0.1145,0.3,0.2,0.1,0.055,0.0265,0.008,0.005,0.001,0.4481645824929407,0.036506655909640987,0.409035901573215,,0.10629286002420331
57,57,Sprachcaffe,40,,Sprachcaffe,750,.5,.5,1.0,0.0,0.0,0.0,0.0,0.0,0.07714804356595402,0.07714804356595402,0.07714804356595402,0.07714804356595402,0.03408632513110125,0.04356595401371521,0.05465913674868899,0.06353368293666802,0.07462686567164178,0.06111335215812828,0.07583703106091166,0.07079467527228721,0.06575231948366277,0.06514723678902784,0.05344897135941912,0.030859217426381605,0.021581282775312627,0.01956434045986285,0.19,0.1145,0.3,0.2,0.1,0.055,0.0265,0.008,0.005,0.001,0.4481645824929407,0.036506655909640987,0.409035901573215,,0.10629286002420331
58,58,Swieqi,57,,Swieqi,5973,.5,.5,1.0,0.0,0.0,0.0,0.0,0.0,0.07714804356595402,0.07714804356595402,0.07714804356595402,0.07714804356595402,0.03408632513110125,0.04356595401371521,0.05465913674868899,0.06353368293666802,0.07462686567164178,0.06111335215812828,0.07583703106091166,0.07079467527228721,0.06575231948366277,0.06514723678902784,0.05344897135941912,0.030859217426381605,0.021581282775312627,0.01956434045986285,0.19,0.1145,0.3,0.2,0.1,0.055,0.0265,0.008,0.005,0.001,0.4481645824929407,0.036506655909640987,0.409035901573215,,0.10629286002420331
59,59,Tarxien,58,,Tarxien,7761,.5,.5,1.0,0.0,0.0,0.0,0.0,0.0,0.07714804356595402,0.07714804356595402,0.07714804356595402,0.07714804356595402,0.03408632513110125,0.04356595401371521,0.05465913674868899,0.06353368293666802,0.07462686567164178,0.06111335215812828,0.07583703106091166,0.07079467527228721,0.06575231948366277,0.06514723678902784,0.05344897135941912,0.030859217426381605,0.021581282775312627,0.01956434045986285,0.19,0.1145,0.3,0.2,0.1,0.055,0.0265,0.008,0.005,0.001,0.4481645824929407,0.036506655909640987,0.409035901573215,,0.10629286002420331
60,60,Ta’ Xbiex,59,,Ta’ Xbiex,1642,.5,.5,1.0,0.0,0.0,0.0,0.0,0.0,0.07714804356595402,0.07714804356595402,0.07714804356595402,0.07714804356595402,0.03408632513110125,0.04356595401371521,0.05465913674868899,0.06353368293666802,0.07462686567164178,0.06111335215812828,0.07583703106091166,0.07079467527228721,0.06575231948366277,0.06514723678902784,0.05344897135941912,0.030859217426381605,0.021581282775312627,0.01956434045986285,0.19,0.1145,0.3,0.2,0.1,0.055,0.0265,0.008,0.005,0.001,0.4481645824929407,0.036506655909640987,0.409035901573215,,0.10629286002420331
61,61,Valletta,60,,Valletta,6794,.5,.5,1.0,0.0,0.0,0.0,0.0,0.0,0.07714804356595402,0.07714804356595402,0.07714804356595402,0.07714804356595402,0.03408632513110125,0.04356595401371521,0.05465913674868899,0.06353368293666802,0.07462686567164178,0.06111335215812828,0.07583703106091166,0.07079467527228721,0.06575231948366277,0.06514723678902784,0.05344897135941912,0.030859217426381605,0.021581282775312627,0.01956434045986285,0.19,0.1145,0.3,0.2,0.1,0.055,0.0265,0.008,0.005,0.001,0.4481645824929407,0.036506655909640987,0.409035901573215,,0.10629286002420331
62,62,Victoria,46,,Victoria,6596,.5,.5,1.0,0.0,0.0,0.0,0.0,0.0,0.07714804356595402,0.07714804356595402,0.07714804356595402,0.07714804356595402,0.03408632513110125,0.04356595401371521,0.05465913674868899,0.06353368293666802,0.07462686567164178,0.06111335215812828,0.07583703106091166,0.07079467527228721,0.06575231948366277,0.06514723678902784,0.05344897135941912,0.030859217426381605,0.021581282775312627,0.01956434045986285,0.19,0.1145,0.3,0.2,0.1,0.055,0.0265,0.008,0.005,0.001,0.4481645824929407,0.036506655909640987,0.409035901573215,,0.10629286002420331
63,63,Vittoriosa,03,,Vittoriosa,2936,.5,.5,1.0,0.0,0.0,0.0,0.0,0.0,0.07714804356595402,0.07714804356595402,0.07714804356595402,0.07714804356595402,0.03408632513110125,0.04356595401371521,0.05465913674868899,0.06353368293666802,0.07462686567164178,0.06111335215812828,0.07583703106091166,0.07079467527228721,0.06575231948366277,0.06514723678902784,0.05344897135941912,0.030859217426381605,0.021581282775312627,0.01956434045986285,0.19,0.1145,0.3,0.2,0.1,0.055,0.0265,0.008,0.005,0.001,0.4481645824929407,0.036506655909640987,0.409035901573215,,0.10629286002420331
64,64,Xagħra,61,,Xagħra,3680,.5,.5,1.0,0.0,0.0,0.0,0.0,0.0,0.07714804356595402,0.07714804356595402,0.07714804356595402,0.07714804356595402,0.03408632513110125,0.04356595401371521,0.05465913674868899,0.06353368293666802,0.07462686567164178,0.06111335215812828,0.07583703106091166,0.07079467527228721,0.06575231948366277,0.06514723678902784,0.05344897135941912,0.030859217426381605,0.021581282775312627,0.01956434045986285,0.19,0.1145,0.3,0.2,0.1,0.055,0.0265,0.008,0.005,0.001,0.4481645824929407,0.036506655909640987,0.409035901573215,,0.10629286002420331
65,65,Xewkija,62,,Xewkija,3303,.5,.5,1.0,0.0,0.0,0.0,0.0,0.0,0.07714804356595402,0.07714804356595402,0.07714804356595402,0.07714804356595402,0.03408632513110125,0.04356595401371521,0.05465913674868899,0.06353368293666802,0.07462686567164178,0.06111335215812828,0.07583703106091166,0.07079467527228721,0.06575231948366277,0.06514723678902784,0.05344897135941912,0.030859217426381605,0.021581282775312627,0.01956434045986285,0.19,0.1145,0.3,0.2,0.1,0.055,0.0265,0.008,0.005,0.001,0.4481645824929407,0.036506655909640987,0.409035901573215,,0.10629286002420331
66,66,Xgħajra,63,,Xgħajra,837,.5,.5,1.0,0.0,0.0,0.0,0.0,0.0,0.07714804356595402,0.07714804356595402,0.07714804356595402,0.07714804356595402,0.03408632513110125,0.04356595401371521,0.05465913674868899,0.06353368293666802,0.07462686567164178,0.06111335215812828,0.07583703106091166,0.07079467527228721,0.06575231948366277,0.06514723678902784,0.05344897135941912,0.030859217426381605,0.021581282775312627,0.01956434045986285,0.19,0.1145,0.3,0.2,0.1,0.055,0.0265,0.008,0.005,0.001,0.4481645824929407,0.036506655909640987,0.409035901573215,,0.10629286002420331
67,67,Ħamrun,18,,Ħamrun,10680,.5,.5,1.0,0.0,0.0,0.0,0.0,0.0,0.07714804356595402,0.07714804356595402,0.07714804356595402,0.07714804356595402,0.03408632513110125,0.04356595401371521,0.05465913674868899,0.06353368293666802,0.07462686567164178,0.06111335215812828,0.07583703106091166,0.07079467527228721,0.06575231948366277,0.06514723678902784,0.05344897135941912,0.030859217426381605,0.021581282775312627,0.01956434045986285,0.19,0.1145,0.3,0.2,0.1,0.055,0.0265,0.008,0.005,0.001,0.4481645824929407,0.036506655909640987,0.409035901573215,,0.10629286002420331
68,68,Żabbar,64,,Żabbar,15030,.5,.5,1.0,0.0,0.0,0.0,0.0,0.0,0.07714804356595402,0.07714804356595402,0.07714804356595402,0.07714804356595402,0.03408632513110125,0.04356595401371521,0.05465913674868899,0.06353368293666802,0.07462686567164178,0.06111335215812828,0.07583703106091166,0.07079467527228721,0.06575231948366277,0.06514723678902784,0.05344897135941912,0.030859217426381605,0.021581282775312627,0.01956434045986285,0.19,0.1145,0.3,0.2,0.1,0.055,0.0265,0.008,0.005,0.001,0.4481645824929407,0.036506655909640987,0.409035901573215,,0.10629286002420331
69,69,Żebbuġ,66,,Żebbuġ,1770,.5,.5,1.0,0.0,0.0,0.0,0.0,0.0,0.07714804356595402,0.07714804356595402,0.07714804356595402,0.07714804356595402,0.03408632513110125,0.04356595401371521,0.05465913674868899,0.06353368293666802,0.07462686567164178,0.06111335215812828,0.07583703106091166,0.07079467527228721,0.06575231948366277,0.06514723678902784,0.05344897135941912,0.030859217426381605,0.021581282775312627,0.01956434045986285,0.19,0.1145,0.3,0.2,0.1,0.055,0.0265,0.008,0.005,0.001,0.4481645824929407,0.036506655909640987,0.409035901573215,,0.10629286002420331
70,70,Żejtun,67,,Żejtun,11549,.5,.5,1.0,0.0,0.0,0.0,0.0,0.0,0.07714804356595402,0.07714804356595402,0.07714804356595402,0.07714804356595402,0.03408632513110125,0.04356595401371521,0.05465913674868899,0.06353368293666802,0.07462686567164178,0.06111335215812828,0.07583703106091166,0.07079467527228721,0.06575231948366277,0.06514723678902784,0.05344897135941912,0.030859217426381605,0.021581282775312627,0.01956434045986285,0.19,0.1145,0.3,0.2,0.1,0.055,0.0265,0.008,0.005,0.001,0.4481645824929407,0.036506655909640987,0.409035901573215,,0.10629286002420331
71,71,Żurrieq,68,,Żurrieq,9149,.5,.5,1.0,0.0,0.0,0.0,0.0,0.0,0.07714804356595402,0.07714804356595402,0.07714804356595402,0.07714804356595402,0.03408632513110125,0.04356595401371521,0.05465913674868899,0.06353368293666802,0.07462686567164178,0.06111335215812828,0.07583703106091166,0.07079467527228721,0.06575231948366277,0.06514723678902784,0.05344897135941912,0.030859217426381605,0.021581282775312627,0.01956434045986285,0.19,0.1145,0.3,0.2,0.1,0.055,0.0265,0.008,0.005,0.001,0.4481645824929407,0.036506655909640987,0.409035901573215,,0.10629286002420331
